Workbook

Sheet Sheet1
A1: id | B1: name | C1: des | D1: pic | E1: quality | F1: type | G1: use_type | H1: sub_value | I1: limit_lv | J1: limit_time | K1: sell | L1: sort_priority | M1: jiage | N1: item_from | O1: item_source | P1: script | Q1: use_jump
A2: all | B2: all | C2: all | D2: all | E2: all | F2: all | G2: all | H2: all | I2: all | J2: all | K2: all | L2: all | M2: all | N2: all | O2: all | P2: all | Q2: all
A3: id | B3: 名称 | C3: 描述 | D3: 图标 | E3: 品质 | F3: 物品类型 | G3: 使用类型 | H3: 额外效果配置 | I3: 使用等级限制 | J3: 时间限制 | K3: 是否可出售 | L3: 排序权重 | M3: 售价 金币 | N3: 来源描述 | O3: 根据function_level表和200.lua | P3: 脚本 | Q3: 跳转
A4: int | B4: string | C4: string | D4: int | E4: int | F4: int | G4: int | H4: arrays | I4: int | J4: array | K4: int | L4: int | M4: int | N4: string | O4: string | P4: int | Q4: int
A5: 60000 | B5: 金币 | C5: 金币 | D5: 3006 | E5: 3 | F5: 13 | G5: 3 | H5: [60000,1] | I5: 1 | K5: 0 | L5: 1 | M5: 0 | P5: 0
A6: 60001 | B6: 元宝 | C6: 元宝 | D6: 3012 | E6: 3 | F6: 13 | G6: 3 | H6: [60001,1] | I6: 1 | K6: 0 | L6: 1 | M6: 0 | P6: 0
A7: 60006 | B7: 神将经验 | C7: 神将经验 | D7: 560 | E7: 3 | F7: 13 | G7: 3 | H7: [60006,1] | I7: 1 | K7: 0 | L7: 1 | M7: 0 | P7: 0
A8: 60014 | B8: 神魂 | C8: 神将魂魄 | D8: 3005 | E8: 4 | F8: 13 | G8: 3 | H8: [60014,1] | I8: 1 | K8: 0 | L8: 1 | M8: 0 | P8: 0
A9: 60015 | B9: 贵族经验 | C9: 贵族经验 | D9: 3011 | E9: 5 | F9: 13 | G9: 3 | H9: [60015,1] | I9: 1 | K9: 0 | L9: 1 | M9: 0 | P9: 0
A10: 60021 | B10: 帮贡 | C10: 帮派贡献度 | D10: 3026 | E10: 4 | F10: 13 | G10: 3 | H10: [60021,1] | I10: 1 | K10: 0 | L10: 1 | M10: 0 | P10: 0
A11: 60025 | B11: 星宿精华 | C11: 血战货币 | D11: 3019 | E11: 4 | F11: 13 | G11: 3 | H11: [60025,1] | I11: 1 | K11: 0 | L11: 1 | M11: 0 | P11: 0
A12: 60026 | B12: 体力 | C12: 体力 | D12: 3027 | E12: 3 | F12: 13 | G12: 3 | H12: [60026,1] | I12: 1 | K12: 0 | L12: 1 | M12: 0 | P12: 0
A13: 60050 | B13: 竞技场货币 | C13: 竞技场货币 | D13: 3022 | E13: 3 | F13: 13 | G13: 3 | H13: [60050,1] | I13: 1 | K13: 0 | L13: 1 | M13: 0 | P13: 0
A14: 60051 | B14: 昆仑币 | C14: 昆仑币 | D14: 3503 | E14: 4 | F14: 13 | G14: 3 | H14: [60051,1] | I14: 1 | K14: 0 | L14: 1 | M14: 0 | P14: 0
A15: 60052 | B15: 主角经验 | C15: 主角经验 | D15: 3007 | E15: 4 | F15: 13 | G15: 3 | H15: [60052,1] | I15: 1 | K15: 0 | L15: 1 | M15: 0 | P15: 0
A16: 60053 | B16: 法宝升级经验 | C16: 法宝升级经验 | D16: 3007 | E16: 4 | F16: 13 | G16: 3 | H16: [60053,1] | I16: 1 | K16: 0 | L16: 1 | M16: 0 | P16: 0
A17: 400 | B17: 刷新令 | D17: 5059 | E17: 4 | F17: 1 | G17: 0 | I17: 1 | K17: 0 | L17: 1 | M17: 0 | P17: 0
A18: 401 | B18: 竞技场挑战令 | D18: 5059 | E18: 4 | F18: 1 | G18: 2 | H18: [60027,5] | I18: 1 | K18: 0 | L18: 1 | M18: 0 | P18: 0
A19: 500 | B19: 体力丹 | C19: 使用增加25点体力 | D19: 5018 | E19: 4 | F19: 14 | G19: 2 | H19: [60026,25] | I19: 1 | K19: 0 | L19: 1 | M19: 0 | P19: 0
A20: 510 | B20: 蓝色装备盒 | C20: 打开有几率获得特级神将内丹、十连招募券、阵法书等神将相关稀有道具 | D20: 5001 | E20: 3 | F20: 5 | G20: 2 | I20: 1 | K20: 0 | L20: 410 | M20: 0 | N20: 来源：百花仙子、百花碎片合成 | O20: 8; | P20: 0
A21: 511 | B21: 紫色装备盒 | C21: 打开有几率获得神将天书、中级洗炼石、阵法书等稀有道具 | D21: 5000 | E21: 4 | F21: 5 | G21: 2 | I21: 1 | K21: 0 | L21: 410 | M21: 0 | N21: 来源：欢乐作战 | O21: 9; | P21: 0
A22: 512 | B22: 橙色装备盒 | C22: 打开有几率获中级洗炼石、幸运符和炼化石等装备锻造相关稀有道具 | D22: 5000 | E22: 5 | F22: 5 | G22: 2 | I22: 1 | K22: 0 | L22: 410 | M22: 0 | N22: 来源：挑战灵魔 | O22: 17; | P22: 0
A23: 513 | B23: 红色装备盒 | D23: 5000 | E23: 6 | F23: 5 | G23: 2 | I23: 1 | K23: 0 | L23: 410 | M23: 0 | N23: 来源：百花仙子、百花碎片合成 | O23: 8; | P23: 0
A24: 514 | B24: 金色装备盒 | D24: 5000 | E24: 7 | F24: 5 | G24: 2 | I24: 1 | K24: 0 | L24: 410 | M24: 0 | N24: 来源：欢乐作战 | O24: 9; | P24: 0
A25: 610 | B25: 初级精炼石 | C25: 装备洗炼属性时使用，用于重新生成装备的洗炼属性，只能洗出10星及以下的属性 | D25: 521 | E25: 2 | F25: 4 | G25: 0 | H25: [60017,10] | I25: 1 | K25: 0 | L25: 50 | M25: 10 | N25: 来源：商城、英勇试炼、锻造礼盒 | O25: 210;30;17 | P25: 0 | Q25: 1130
A26: 611 | B26: 中级精炼石 | C26: 用于装备洗炼时锁定某条属性，在下次洗炼操作中锁定的属性不会发生变化 | D26: 522 | E26: 3 | F26: 4 | G26: 0 | H26: [60017,20] | I26: 1 | K26: 0 | L26: 340 | M26: 20 | N26: 来源：商城、帮贡商城、英勇试炼、锻造礼盒 | O26: 210;125;30;17 | P26: 0 | Q26: 1130
A27: 612 | B27: 高级精炼石 | C27: 用于淬炼装备的辅助材料，配合炼化石可大幅度提升装备的淬炼属性 | D27: 523 | E27: 4 | F27: 4 | G27: 0 | H27: [60017,50] | I27: 1 | K27: 0 | L27: 40 | M27: 10 | N27: 来源：商城、淬炼副本、帮贡商城 | O27: 210;240-204;125 | P27: 0 | Q27: 1130
A28: 613 | B28: 特级精炼石 | C28: 蕴含远古神兽的血脉，是神将修炼天赋的一种必需材料 | D28: 524 | E28: 5 | F28: 4 | G28: 0 | H28: [60017,100] | I28: 1 | K28: 0 | L28: 140 | M28: 10 | N28: 来源：商城、帮贡商城、维护丹园、百花礼盒 | O28: 210;125;25;8 | P28: 0 | Q28: 1130
A29: 614 | B29: 法宝精华 | C29: 法宝修炼道具 | D29: 612 | E29: 5 | F29: 1 | G29: 0 | I29: 1 | K29: 0 | L29: 140 | M29: 10 | N29: 来源：商城、帮贡商城、维护丹园、百花礼盒 | O29: 210;125;25;8 | P29: 0
A30: 834 | B30: 初级神将内丹 | C30: 炼制的初级内丹，使用后可以提升200点神将经验 | D30: 3105 | E30: 2 | F30: 3 | G30: 0 | H30: [60006,200] | I30: 1 | K30: 0 | L30: 270 | M30: 100 | N30: 来源：副本-蓬莱仙山、杂货商城 | O30: 240;214 | P30: 0 | Q30: 1160
A31: 835 | B31: 中级神将内丹 | C31: 炼制的中级内丹，使用后可以提升500点神将经验 | D31: 3107 | E31: 3 | F31: 3 | G31: 0 | H31: [60006,500] | I31: 1 | K31: 0 | L31: 270 | M31: 250 | N31: 来源：副本-岱屿结界、副本-诛仙绝地、帮派种植、藏宝图、杂货商城 | O31: 240;28;29;214 | P31: 0 | Q31: 1160
A32: 836 | B32: 高级神将内丹 | C32: 炼制的高级内丹，使用后可以提升2500点神将经验 | D32: 3101 | E32: 4 | F32: 3 | G32: 0 | H32: [60006,2000] | I32: 1 | K32: 0 | L32: 270 | M32: 10000 | N32: 来源：商城、百花礼盒、欢乐礼盒 | O32: 210;8;9 | P32: 0 | Q32: 1160
A33: 837 | B33: 特级神将内丹 | C33: 炼制的特级内丹，使用后可以提升12500点神将经验 | D33: 3106 | E33: 5 | F33: 3 | G33: 0 | H33: [60006,10000] | I33: 1 | K33: 0 | L33: 270 | M33: 62500 | N33: 来源：百花礼盒、欢乐礼盒 | O33: 8;9 | P33: 0 | Q33: 1160
A34: 851 | B34: 突破丹 | C34: 神将突破消耗的道具 | D34: 612 | E34: 3 | F34: 1 | G34: 0 | I34: 1 | K34: 0 | L34: 20 | M34: 10 | N34: 来源：强化副本、商城 | O34: 240-202;210 | P34: 0 | Q34: 1180
A35: 852 | B35: 人参果 | C35: 神将培养消耗的道具 | D35: 5304 | E35: 4 | F35: 1 | G35: 0 | I35: 1 | K35: 0 | L35: 20 | M35: 30 | N35: 来源：六界使者、强化副本、、商城【背包-合成】 | O35: 33;240-202;210;112 | P35: 0
A36: 853 | B36: 修炼丹 | C36: 神将修炼消耗的物品 | D36: 5300 | E36: 5 | F36: 1 | G36: 0 | I36: 1 | K36: 0 | L36: 20 | M36: 90 | N36: 来源：商城、【背包-合成】 | O36: 210;112 | P36: 0
A37: 854 | B37: 觉醒石 | C37: 神将装备觉醒消耗的物品 | D37: 543 | E37: 6 | F37: 1 | G37: 0 | I37: 1 | K37: 0 | L37: 20 | M37: =M36*3 -> 270 | N37: 来源：商城、【背包-合成】 | O37: 210;112 | P37: 0 | Q37: 1140
A38: 855 | B38: 5级强化宝石 | C38: 强化等级16至19时使用，失败不降强化等级 | D38: 3018 | E38: 7 | F38: 1 | G38: 0 | I38: 1 | K38: 0 | L38: 20 | M38: 810 | N38: 来源：商城、【背包-合成】 | O38: 210;112 | P38: 0
A39: 1100 | B39: 百花礼盒 | C39: 打开有几率获得特级神将内丹、十连招募券、阵法书等神将相关稀有道具 | D39: 5001 | E39: 4 | F39: 5 | G39: 2 | I39: 1 | K39: 0 | L39: 410 | M39: 0 | N39: 来源：百花仙子、百花碎片合成 | O39: 8; | P39: 0
A40: 1101 | B40: 欢乐礼盒 | C40: 打开有几率获得神将天书、中级洗炼石、阵法书等稀有道具 | D40: 5000 | E40: 4 | F40: 5 | G40: 2 | I40: 1 | K40: 0 | L40: 410 | M40: 0 | N40: 来源：欢乐作战 | O40: 9; | P40: 0
A41: 1105 | B41: 锻造礼盒 | C41: 打开有几率获中级洗炼石、幸运符和炼化石等装备锻造相关稀有道具 | D41: 3104 | E41: 4 | F41: 5 | G41: 2 | I41: 1 | K41: 0 | L41: 410 | M41: 0 | N41: 来源：挑战灵魔 | O41: 17; | P41: 0
A42: 1111 | B42: 三上悠亚大礼包 | C42: 各种神奇物品 | D42: 3104 | E42: 2 | F42: 5 | G42: 2 | I42: 1 | K42: 0 | L42: 410 | M42: 0 | N42: 来源：商城 | O42: 210; | P42: 0
A43: 1112 | B43: 神将升星礼包 | C43: 打开可以获得10000点神魂之魄，用于神将升星 | D43: 3104 | E43: 5 | F43: 5 | G43: 2 | I43: 1 | K43: 0 | L43: 410 | M43: 0 | N43: 来源：商城 | O43: 210; | P43: 0
A44: 1113 | B44: 星宿精华礼盒 | C44: 打开可以获得10000点星宿精华，用于神将装备强化 | D44: 3104 | E44: 5 | F44: 5 | G44: 2 | I44: 1 | K44: 0 | L44: 410 | M44: 0 | N44: 来源：商城 | O44: 210; | P44: 0
A45: 1114 | B45: 测试多选一礼包 | C45: 打开可以获得10000点星宿精华，用于神将装备强化 | D45: 3104 | E45: 5 | F45: 6 | G45: 2 | H45: [610,10],[851,5],[1114,1] | I45: 1 | J45: 0,3600 | K45: 0 | L45: 410 | M45: 0 | N45: 来源：商城 | O45: 210; | P45: 0
A46: 1115 | B46: 活动测试道具 | C46: 用于神将招募，集中念力也许能够招募到未知的神将 | D46: 2103 | E46: 3 | F46: 11 | G46: 0 | I46: 1 | J46: 101,259200 | K46: 0 | L46: 370 | M46: 200 | P46: 0
A47: 1000 | B47: 招募券 | C47: 用于神将基础招募，集中念力也许能够招募到未知的神将 | D47: 2103 | E47: 5 | F47: 1 | G47: 0 | I47: 1 | K47: 0 | L47: 370 | M47: 0 | P47: 0 | Q47: 1010
A48: 1001 | B48: 高级招募券 | C48: 用于神将高级招募，集中念力也许能够招募到未知的神将 | D48: 3028 | E48: 4 | F48: 1 | G48: 0 | I48: 1 | K48: 0 | L48: 370 | M48: 0 | P48: 0 | Q48: 1010
A49: 1002 | B49: 友情招募券 | C49: 用于神将友情招募，集中念力也许能够招募到未知的神将 | D49: 2104 | E49: 4 | F49: 1 | G49: 0 | I49: 1 | K49: 0 | L49: 370 | M49: 0 | P49: 0 | Q49: 1010
A50: 2386 | B50: 金币大礼包 | C50: 使用后可以获得25000金币，有一定几率回赠部分绑元 | D50: 1004 | E50: 3 | F50: 5 | G50: 2 | I50: 1 | K50: 0 | L50: 300 | M50: 48 | N50: 来源：商城 | O50: 210; | P50: 0
A51: 2401 | B51: 女娲娘娘神魂 | C51: 集齐60个后在神将图鉴界面可以召唤出3星女娲娘娘 | D51: 2401 | E51: =VLOOKUP(A51,Sheet2!$E$7:$F$54,2,0) -> 7 | F51: 2 | G51: 0 | I51: 1 | K51: 0 | L51: 90 | M51: 100 | N51: 来源：贵族 | P51: 0
A52: 2402 | B52: 接引道人神魂 | C52: 集齐60个后在神将图鉴界面可以召唤出3星接引道人 | D52: 2402 | E52: =VLOOKUP(A52,Sheet2!$E$7:$F$54,2,0) -> 7 | F52: 2 | G52: 0 | I52: 1 | K52: 0 | L52: 90 | M52: 100 | N52: 来源：充值活动等 | P52: 0
A53: 2403 | B53: 准提道人神魂 | C53: 集齐60个后在神将图鉴界面可以召唤出3星准提道人 | D53: 2403 | E53: =VLOOKUP(A53,Sheet2!$E$7:$F$54,2,0) -> 7 | F53: 2 | G53: 0 | I53: 1 | K53: 0 | L53: 90 | M53: 100 | N53: 来源：充值活动等 | P53: 0
A54: 2404 | B54: 孔宣神魂 | C54: 集齐60个后在神将图鉴界面可以召唤出3星孔宣 | D54: 2404 | E54: =VLOOKUP(A54,Sheet2!$E$7:$F$54,2,0) -> 6 | F54: 2 | G54: 0 | I54: 1 | K54: 0 | L54: 90 | M54: 100 | N54: 来源：充值活动等 | P54: 0
A55: 2405 | B55: 多宝道人神魂 | C55: 集齐60个后在神将图鉴界面可以召唤出3星多宝道人 | D55: 2405 | E55: =VLOOKUP(A55,Sheet2!$E$7:$F$54,2,0) -> 6 | F55: 2 | G55: 0 | I55: 1 | K55: 0 | L55: 90 | M55: 100 | N55: 来源：充值活动等 | P55: 0
A56: 2406 | B56: 金灵圣母神魂 | C56: 集齐60个后在神将图鉴界面可以召唤出3星金灵圣母 | D56: 2406 | E56: =VLOOKUP(A56,Sheet2!$E$7:$F$54,2,0) -> 6 | F56: 2 | G56: 0 | I56: 1 | K56: 0 | L56: 90 | M56: 100 | N56: 来源：充值活动等 | P56: 0
A57: 2407 | B57: 哪吒神魂 | C57: 集齐10个后在神将图鉴界面可以召唤出3星哪吒 | D57: 2407 | E57: =VLOOKUP(A57,Sheet2!$E$7:$F$54,2,0) -> 5 | F57: 2 | G57: 0 | I57: 1 | K57: 0 | L57: 90 | M57: 100 | N57: 来源：贵族 | P57: 0
A58: 2408 | B58: 杨戬神魂 | C58: 集齐10个后在神将图鉴界面可以召唤出3星杨戬 | D58: 2408 | E58: =VLOOKUP(A58,Sheet2!$E$7:$F$54,2,0) -> 5 | F58: 2 | G58: 0 | I58: 1 | K58: 0 | L58: 90 | M58: 100 | N58: 来源：历练塔100层首通 | O58: 14; | P58: 0
A59: 2409 | B59: 雷震子神魂 | C59: 集齐10个后在神将图鉴界面可以召唤出3星雷震子 | D59: 2409 | E59: =VLOOKUP(A59,Sheet2!$E$7:$F$54,2,0) -> 5 | F59: 2 | G59: 0 | I59: 1 | K59: 0 | L59: 90 | M59: 100 | N59: 来源：招募、积分商城 | O59: 160;216 | P59: 0
A60: 2410 | B60: 姜子牙神魂 | C60: 集齐10个后在神将图鉴界面可以召唤出2星姜子牙 | D60: 2410 | E60: =VLOOKUP(A60,Sheet2!$E$7:$F$54,2,0) -> 5 | F60: 2 | G60: 0 | I60: 1 | K60: 0 | L60: 90 | M60: 100 | N60: 来源：首充奖励 | P60: 0
A61: 2426 | B61: 韦护神魂 | C61: 集齐10个后在神将图鉴界面可以召唤出3星韦护 | D61: 2426 | E61: =VLOOKUP(A61,Sheet2!$E$7:$F$54,2,0) -> 5 | F61: 2 | G61: 0 | I61: 1 | K61: 0 | L61: 90 | M61: 100 | N61: 来源：招募 | O61: 160; | P61: 0
A62: 2418 | B62: 赵公明神魂 | C62: 集齐10个后在神将图鉴界面可以召唤出3星赵公明 | D62: 2418 | E62: =VLOOKUP(A62,Sheet2!$E$7:$F$54,2,0) -> 6 | F62: 2 | G62: 0 | I62: 1 | K62: 0 | L62: 90 | M62: 100 | N62: 来源：充值活动等 | P62: 0
A63: 2419 | B63: 云霄神魂 | C63: 集齐10个后在神将图鉴界面可以召唤出3星云霄 | D63: 2419 | E63: =VLOOKUP(A63,Sheet2!$E$7:$F$54,2,0) -> 6 | F63: 2 | G63: 0 | I63: 1 | K63: 0 | L63: 90 | M63: 100 | N63: 来源：招募、帮贡商城 | O63: 160;125 | P63: 0
A64: 2420 | B64: 琼霄神魂 | C64: 集齐10个后在神将图鉴界面可以召唤出3星琼霄 | D64: 2420 | E64: =VLOOKUP(A64,Sheet2!$E$7:$F$54,2,0) -> 6 | F64: 2 | G64: 0 | I64: 1 | K64: 0 | L64: 90 | M64: 100 | N64: 来源：历练塔80层首通 | O64: 14; | P64: 0
A65: 2421 | B65: 碧霄神魂 | C65: 集齐10个后在神将图鉴界面可以召唤出3星碧霄 | D65: 2421 | E65: =VLOOKUP(A65,Sheet2!$E$7:$F$54,2,0) -> 6 | F65: 2 | G65: 0 | I65: 1 | K65: 0 | L65: 90 | M65: 100 | N65: 来源：充值活动等 | P65: 0
A66: 2422 | B66: 太乙真人神魂 | C66: 集齐10个后在神将图鉴界面可以召唤出3星太乙真人 | D66: 2422 | E66: =VLOOKUP(A66,Sheet2!$E$7:$F$54,2,0) -> 6 | F66: 2 | G66: 0 | I66: 1 | K66: 0 | L66: 90 | M66: 100 | N66: 来源：招募 | O66: 160; | P66: 0
A67: 2414 | B67: 黄飞虎神魂 | C67: 集齐10个后在神将图鉴界面可以召唤出3星黄飞虎 | D67: 2414 | E67: =VLOOKUP(A67,Sheet2!$E$7:$F$54,2,0) -> 5 | F67: 2 | G67: 0 | I67: 1 | K67: 0 | L67: 90 | M67: 100 | N67: 来源：招募 | O67: 160; | P67: 0
A68: 2411 | B68: 申公豹神魂 | C68: 集齐10个后在神将图鉴界面可以召唤出2星申公豹 | D68: 2411 | E68: =VLOOKUP(A68,Sheet2!$E$7:$F$54,2,0) -> 5 | F68: 2 | G68: 0 | I68: 1 | K68: 0 | L68: 90 | M68: 100 | N68: 来源：招募 | O68: 160; | P68: 0
A69: 2412 | B69: 闻仲神魂 | C69: 集齐10个后在神将图鉴界面可以召唤出3星闻仲 | D69: 2412 | E69: =VLOOKUP(A69,Sheet2!$E$7:$F$54,2,0) -> 5 | F69: 2 | G69: 0 | I69: 1 | K69: 0 | L69: 90 | M69: 100 | N69: 来源：充值活动等 | P69: 0
A70: 2413 | B70: 李靖神魂 | C70: 集齐10个后在神将图鉴界面可以召唤出2星李靖 | D70: 2413 | E70: =VLOOKUP(A70,Sheet2!$E$7:$F$54,2,0) -> 5 | F70: 2 | G70: 0 | I70: 1 | K70: 0 | L70: 90 | M70: 100 | N70: 来源：招募 | O70: 160; | P70: 0
A71: 2423 | B71: 玉鼎真人神魂 | C71: 集齐10个后在神将图鉴界面可以召唤出2星玉鼎真人 | D71: 2423 | E71: =VLOOKUP(A71,Sheet2!$E$7:$F$54,2,0) -> 6 | F71: 2 | G71: 0 | I71: 1 | K71: 0 | L71: 90 | M71: 100 | N71: 来源：历练塔40层首通 | O71: 14; | P71: 0
A72: 2425 | B72: 帝辛神魂 | C72: 集齐10个后在神将图鉴界面可以召唤出2星帝辛 | D72: 2425 | E72: =VLOOKUP(A72,Sheet2!$E$7:$F$54,2,0) -> 5 | F72: 2 | G72: 0 | I72: 1 | K72: 0 | L72: 90 | M72: 100 | N72: 来源：招募、积分商城 | O72: 160;216 | P72: 0
A73: 2430 | B73: 伯邑考神魂 | C73: 集齐10个后在神将图鉴界面可以召唤出2星伯邑考 | D73: 2430 | E73: =VLOOKUP(A73,Sheet2!$E$7:$F$54,2,0) -> 5 | F73: 2 | G73: 0 | I73: 1 | K73: 0 | L73: 90 | M73: 100 | N73: 来源：七日登录奖励 | P73: 0
A74: 2415 | B74: 姬发神魂 | C74: 集齐10个后在神将图鉴界面可以召唤出2星姬发 | D74: 2415 | E74: =VLOOKUP(A74,Sheet2!$E$7:$F$54,2,0) -> 5 | F74: 2 | G74: 0 | I74: 1 | K74: 0 | L74: 90 | M74: 100 | N74: 来源：招募 | O74: 160; | P74: 0
A75: 2416 | B75: 袁洪神魂 | C75: 集齐10个后在神将图鉴界面可以召唤出2星袁洪 | D75: 2416 | E75: =VLOOKUP(A75,Sheet2!$E$7:$F$54,2,0) -> 5 | F75: 2 | G75: 0 | I75: 1 | K75: 0 | L75: 90 | M75: 100 | N75: 来源：招募 | O75: 160; | P75: 0
A76: 2417 | B76: 黄天化神魂 | C76: 集齐10个后在神将图鉴界面可以召唤出1星黄天化 | D76: 2417 | E76: =VLOOKUP(A76,Sheet2!$E$7:$F$54,2,0) -> 5 | F76: 2 | G76: 0 | I76: 1 | K76: 0 | L76: 90 | M76: 100 | N76: 来源：招募 | O76: 160; | P76: 0
A77: 2424 | B77: 妲己神魂 | C77: 集齐10个后在神将图鉴界面可以召唤出1星妲己 | D77: 2424 | E77: =VLOOKUP(A77,Sheet2!$E$7:$F$54,2,0) -> 5 | F77: 2 | G77: 0 | I77: 1 | K77: 0 | L77: 90 | M77: 100 | N77: 来源：历练塔60层首通 | O77: 14; | P77: 0
A78: 2428 | B78: 金吒神魂 | C78: 集齐10个后在神将图鉴界面可以召唤出1星金吒 | D78: 2428 | E78: =VLOOKUP(A78,Sheet2!$E$7:$F$54,2,0) -> 5 | F78: 2 | G78: 0 | I78: 1 | K78: 0 | L78: 90 | M78: 100 | N78: 来源：招募、帮贡商城 | O78: 160;125 | P78: 0
A79: 2433 | B79: 比干神魂 | C79: 集齐10个后在神将图鉴界面可以召唤出1星比干 | D79: 2433 | E79: =VLOOKUP(A79,Sheet2!$E$7:$F$54,2,0) -> 5 | F79: 2 | G79: 0 | I79: 1 | K79: 0 | L79: 90 | M79: 100 | N79: 来源：招募 | O79: 160; | P79: 0
A80: 2431 | B80: 土行孙神魂 | C80: 集齐10个后在神将图鉴界面可以召唤出1星土行孙 | D80: 2431 | E80: =VLOOKUP(A80,Sheet2!$E$7:$F$54,2,0) -> 5 | F80: 2 | G80: 0 | I80: 1 | K80: 0 | L80: 90 | M80: 100 | N80: 来源：招募 | O80: 160; | P80: 0
A81: 2432 | B81: 邓婵玉神魂 | C81: 集齐10个后在神将图鉴界面可以召唤出1星邓婵玉 | D81: 2432 | E81: =VLOOKUP(A81,Sheet2!$E$7:$F$54,2,0) -> 5 | F81: 2 | G81: 0 | I81: 1 | K81: 0 | L81: 90 | M81: 100 | N81: 来源：招募 | O81: 160; | P81: 0
A82: 2434 | B82: 殷洪神魂 | C82: 集齐10个后在神将图鉴界面可以召唤出1星殷洪 | D82: 2434 | E82: =VLOOKUP(A82,Sheet2!$E$7:$F$54,2,0) -> 5 | F82: 2 | G82: 0 | I82: 1 | K82: 0 | L82: 90 | M82: 100 | N82: 来源：招募、积分商城 | O82: 160;216 | P82: 0
A83: 2435 | B83: 殷郊神魂 | C83: 集齐10个后在神将图鉴界面可以召唤出1星殷郊 | D83: 2435 | E83: =VLOOKUP(A83,Sheet2!$E$7:$F$54,2,0) -> 5 | F83: 2 | G83: 0 | I83: 1 | K83: 0 | L83: 90 | M83: 100 | N83: 来源：招募 | O83: 160; | P83: 0
A84: 2436 | B84: 龙吉公主神魂 | C84: 集齐10个后在神将图鉴界面可以召唤出1星龙吉公主 | D84: 2436 | E84: =VLOOKUP(A84,Sheet2!$E$7:$F$54,2,0) -> 5 | F84: 2 | G84: 0 | I84: 1 | K84: 0 | L84: 90 | M84: 100 | N84: 来源：贵族 | O84: 160; | P84: 0
A85: 2437 | B85: 洪锦神魂 | C85: 集齐10个后在神将图鉴界面可以召唤出1星洪锦 | D85: 2437 | E85: =VLOOKUP(A85,Sheet2!$E$7:$F$54,2,0) -> 5 | F85: 2 | G85: 0 | I85: 1 | K85: 0 | L85: 90 | M85: 100 | N85: 来源：招募 | O85: 160; | P85: 0
... A91: 2450 | B91: 苏全忠神魂 | C91: 集齐10个后在神将图鉴界面可以召唤出1星苏全忠 | D91: 2447 | E91: =VLOOKUP(A91,Sheet2!$E$7:$F$54,2,0) -> 4 | F91: 2 | G91: 0 | I91: 1 | K91: 0 | L91: 90 | M91: 100 | N91: 来源：招募 | O91: 160; | P91: 0
A92: 2453 | B92: 吕岳神魂 | C92: 集齐10个后在神将图鉴界面可以召唤出1星吕岳 | D92: 2458 | E92: =VLOOKUP(A92,Sheet2!$E$7:$F$54,2,0) -> 5 | F92: 2 | G92: 0 | I92: 1 | K92: 0 | L92: 90 | M92: 100 | N92: 来源：次日登录奖励 | P92: 0
A93: 2455 | B93: 张奎神魂 | C93: 集齐10个后在神将图鉴界面可以召唤出1星张奎 | D93: 2455 | E93: =VLOOKUP(A93,Sheet2!$E$7:$F$54,2,0) -> 5 | F93: 2 | G93: 0 | I93: 1 | K93: 0 | L93: 90 | M93: 100 | N93: 来源：招募、帮贡商城 | O93: 160;125 | P93: 0
A94: 2456 | B94: 高兰英神魂 | C94: 集齐10个后在神将图鉴界面可以召唤出1星高兰英 | D94: 2456 | E94: =VLOOKUP(A94,Sheet2!$E$7:$F$54,2,0) -> 5 | F94: 2 | G94: 0 | I94: 1 | K94: 0 | L94: 90 | M94: 100 | N94: 来源：招募 | O94: 160; | P94: 0
A95: 2457 | B95: 郑伦神魂 | C95: 集齐10个后在神将图鉴界面可以召唤出1星郑伦 | D95: 2453 | E95: =VLOOKUP(A95,Sheet2!$E$7:$F$54,2,0) -> 4 | F95: 2 | G95: 0 | I95: 1 | K95: 0 | L95: 90 | M95: 100 | N95: 来源：招募 | O95: 160; | P95: 0
A96: 2458 | B96: 陈奇神魂 | C96: 集齐10个后在神将图鉴界面可以召唤出1星陈奇 | D96: 2452 | E96: =VLOOKUP(A96,Sheet2!$E$7:$F$54,2,0) -> 4 | F96: 2 | G96: 0 | I96: 1 | K96: 0 | L96: 90 | M96: 100 | N96: 来源：招募 | O96: 160; | P96: 0
A97: 2461 | B97: 通天教主神魂 | C97: 集齐100个后在神将图鉴界面可以召唤出4星通天教主 | D97: 2461 | E97: =VLOOKUP(A97,Sheet2!$E$7:$F$54,2,0) -> 7 | F97: 2 | G97: 0 | I97: 1 | K97: 0 | L97: 90 | M97: 100 | N97: 来源：充值活动等 | P97: 0
A98: 2462 | B98: 太上老君神魂 | C98: 集齐100个后在神将图鉴界面可以召唤出4星太上老君 | D98: 2462 | E98: =VLOOKUP(A98,Sheet2!$E$7:$F$54,2,0) -> 7 | F98: 2 | G98: 0 | I98: 1 | K98: 0 | L98: 90 | M98: 100 | N98: 来源：充值活动等 | P98: 0
A99: 2487 | B99: 宝物碎片 | C99: 集齐一定的数量可以兑换道具奖励 | D99: 3103 | E99: 1 | F99: 1 | G99: 0 | I99: 1 | K99: 0 | L99: 470 | M99: 100 | P99: 0
A100: 2488 | B100: 灵物碎片 | C100: 集齐一定的数量可以兑换道具奖励 | D100: 3550 | E100: 1 | F100: 1 | G100: 0 | I100: 1 | K100: 0 | L100: 470 | M100: 100 | P100: 0
A101: 2489 | B101: 神物碎片 | C101: 集齐一定的数量可以兑换道具奖励 | D101: 3551 | E101: 1 | F101: 1 | G101: 0 | I101: 1 | K101: 0 | L101: 470 | M101: 100 | P101: 0
A102: 2556 | B102: 帮战君主礼包 | C102: 奖励帮派战个人积分第1名玩家的礼包，打开后可获得高级洗炼石、神将6星装备、帮贡等奖励 | D102: 1002 | E102: 1 | F102: 5 | G102: 3 | I102: 1 | K102: 0 | L102: 420 | M102: 0 | N102: 来源：帮派战 | O102: 36; | P102: 0
A103: 2557 | B103: 帮战霸主礼包 | C103: 奖励帮派战个人积分第2名玩家的礼包，打开后可获得中级洗炼石、神将6星装备、帮贡等奖励 | D103: 1003 | E103: 1 | F103: 5 | G103: 3 | I103: 1 | K103: 0 | L103: 420 | M103: 0 | N103: 来源：帮派战 | O103: 36; | P103: 0
A104: 2558 | B104: 帮战强者礼包 | C104: 奖励帮派战个人积分第3名玩家的礼包，打开后可获得中级洗炼石、神将6星装备、帮贡等奖励 | D104: 1001 | E104: 1 | F104: 5 | G104: 3 | I104: 1 | K104: 0 | L104: 420 | M104: 0 | N104: 来源：帮派战 | O104: 36; | P104: 0
A105: 2559 | B105: 帮战卓越礼包 | C105: 奖励帮派战个人积分第4~10名玩家的礼包，打开后可获得中级洗炼石、神将5星装备、帮贡等奖励 | D105: 1001 | E105: 1 | F105: 5 | G105: 3 | I105: 1 | K105: 0 | L105: 420 | M105: 0 | N105: 来源：帮派战 | O105: 36; | P105: 0
...

Sheet Sheet2
A1: id | B1: name | C1: des | D1: pic | E1: type | F1: use_type | G1: dungeons_usetype | H1: sub_value | I1: superposition | J1: discard | K1: quality | L1: limit_lv | M1: sell | N1: price | O1: item_from | P1: item_source | Q1: item_into
A2: all | B2: all | C2: all | D2: all | E2: all | F2: all | G2: all | H2: all | I2: all | J2: all | K2: all | L2: all | M2: all | N2: all | O2: all | P2: all | Q2: all
A3: 道具ID | B3: 名称 | C3: 道具描述 | D3: 道具icon | E3: 类型 | F3: 使用类型 | G3: 副本中是否可使用 | H3: 额外效果配置 | I3: 叠加数量 | J3: 是否可丢弃 | K3: 品质 | L3: 使用等级限制 | M3: 是否可出售 | N3: 出售价格 | O3: 道具来源描述 | P3: 来源配置 | Q3: 使用跳转
A4: int | B4: string | C4: string | D4: int | E4: int | F4: int | G4: int | H4: array | I4: int | J4: int | K4: int | L4: int | M4: int | N4: array | O4: string | P4: array | Q4: array
D7: 7 | E7: 2401 | F7: 7
D8: 7 | E8: 2402 | F8: 7
D9: 7 | E9: 2403 | F9: 7
D10: 6 | E10: 2404 | F10: 6
D11: 6 | E11: 2405 | F11: 6
D12: 6 | E12: 2406 | F12: 6
D13: 5 | E13: 2407 | F13: 5
D14: 5 | E14: 2408 | F14: 5
D15: 5 | E15: 2409 | F15: 5
D16: 5 | E16: 2410 | F16: 5
D17: 5 | E17: 2426 | F17: 5
D18: 6 | E18: 2418 | F18: 6
... D54: 7 | E54: 2462 | F54: 7

Sheet Sheet3
